Workbook

Sheet Base de vendas
A1: Cliente | B1: Vendedor | C1: Time de Vendedores | D1: Categoria | E1: Detalhe | F1: Número de série da venda | G1: Número de série da venda (Limpo) | H1: Valor de venda | I1: Valor anterior | J1: Valor Comição Base | K1: Valor Comissão Real | L1: Valor Comissão Backoffice | M1: Valor Faturamento | N1: Data Faturamento | O1: Data Pagamento Vendedores | P1: Data Pagamento Backoffice
A2: Cliente 480 | B2: Vendedor 7 | C2: =VLOOKUP(B2,Dados!$A$3:$B$10,2,FALSE) -> Time 3 | D2: Fixa | E2: Novo | F2: 10347849894 | G2: =SUBSTITUTE(SUBSTITUTE(F2,"-",""),".","") -> 10347849894 | H2: 6830 | I2: 0 | J2: =IF(E2="Novo",H2,IF(AND(H2>I2,E2="Renovação"),H2-I2,0)) -> 6830 | K2: =IF(M2>0,IF(D2="Móvel",J2*30%,J2*20%),0) -> 1366 | L2: =IF(M2>0,1,0) -> 1 | M2: =IFERROR(VLOOKUP(G2,'Base de faturamento'!A:C,2,FALSE),0) -> 6830 | N2: =IFERROR(VLOOKUP(G2,'Base de faturamento'!A:C,3,FALSE),0) -> 44710 | O2: =IF(C2="Time 1",DATE(YEAR(N2),MONTH(N2),15),DATE(YEAR(N2),MONTH(N2)+1,1)) -> 44713 | P2: =IF(L2=1,DATE(YEAR(N2),MONTH(N2)+1,1)) -> 44713
A3: Cliente 293 | B3: Vendedor 1 | C3: =VLOOKUP(B3,Dados!$A$3:$B$10,2,FALSE) -> Time 1 | D3: Móvel | E3: Novo | F3: 10558070640 | G3: =SUBSTITUTE(SUBSTITUTE(F3,"-",""),".","") -> 10558070640 | H3: 1577 | I3: 0 | J3: =IF(E3="Novo",H3,IF(AND(H3>I3,E3="Renovação"),H3-I3,0)) -> 1577 | K3: =IF(M3>0,IF(D3="Móvel",J3*30%,J3*20%),0) -> 473.1 | L3: =IF(M3>0,1,0) -> 1 | M3: =IFERROR(VLOOKUP(G3,'Base de faturamento'!A:C,2,FALSE),0) -> 1577 | N3: =IFERROR(VLOOKUP(G3,'Base de faturamento'!A:C,3,FALSE),0) -> 44655 | O3: =IF(C3="Time 1",DATE(YEAR(N3),MONTH(N3),15),DATE(YEAR(N3),MONTH(N3)+1,1)) -> 44666 | P3: =IF(L3=1,DATE(YEAR(N3),MONTH(N3)+1,1)) -> 44682
A4: Cliente 60 | B4: Vendedor 6 | C4: =VLOOKUP(B4,Dados!$A$3:$B$10,2,FALSE) -> Time 2 | D4: Móvel | E4: Renovação | F4: 11470034718 | G4: =SUBSTITUTE(SUBSTITUTE(F4,"-",""),".","") -> 11470034718 | H4: 8926 | I4: 8058 | J4: =IF(E4="Novo",H4,IF(AND(H4>I4,E4="Renovação"),H4-I4,0)) -> 868 | K4: =IF(M4>0,IF(D4="Móvel",J4*30%,J4*20%),0) -> 260.4 | L4: =IF(M4>0,1,0) -> 1 | M4: =IFERROR(VLOOKUP(G4,'Base de faturamento'!A:C,2,FALSE),0) -> 8926 | N4: =IFERROR(VLOOKUP(G4,'Base de faturamento'!A:C,3,FALSE),0) -> 44728 | O4: =IF(C4="Time 1",DATE(YEAR(N4),MONTH(N4),15),DATE(YEAR(N4),MONTH(N4)+1,1)) -> 44743 | P4: =IF(L4=1,DATE(YEAR(N4),MONTH(N4)+1,1)) -> 44743
A5: Cliente 235 | B5: Vendedor 5 | C5: =VLOOKUP(B5,Dados!$A$3:$B$10,2,FALSE) -> Time 2 | D5: Móvel | E5: Novo | F5: 12019485890 | G5: =SUBSTITUTE(SUBSTITUTE(F5,"-",""),".","") -> 12019485890 | H5: 2799 | I5: 0 | J5: =IF(E5="Novo",H5,IF(AND(H5>I5,E5="Renovação"),H5-I5,0)) -> 2799 | K5: =IF(M5>0,IF(D5="Móvel",J5*30%,J5*20%),0) -> 839.7 | L5: =IF(M5>0,1,0) -> 1 | M5: =IFERROR(VLOOKUP(G5,'Base de faturamento'!A:C,2,FALSE),0) -> 2799 | N5: =IFERROR(VLOOKUP(G5,'Base de faturamento'!A:C,3,FALSE),0) -> 44723 | O5: =IF(C5="Time 1",DATE(YEAR(N5),MONTH(N5),15),DATE(YEAR(N5),MONTH(N5)+1,1)) -> 44743 | P5: =IF(L5=1,DATE(YEAR(N5),MONTH(N5)+1,1)) -> 44743
A6: Cliente 39 | B6: Vendedor 4 | C6: =VLOOKUP(B6,Dados!$A$3:$B$10,2,FALSE) -> Time 2 | D6: Móvel | E6: Renovação | F6: 12766025437 | G6: =SUBSTITUTE(SUBSTITUTE(F6,"-",""),".","") -> 12766025437 | H6: 8941 | I6: 4282 | J6: =IF(E6="Novo",H6,IF(AND(H6>I6,E6="Renovação"),H6-I6,0)) -> 4659 | K6: =IF(M6>0,IF(D6="Móvel",J6*30%,J6*20%),0) -> 1397.7 | L6: =IF(M6>0,1,0) -> 1 | M6: =IFERROR(VLOOKUP(G6,'Base de faturamento'!A:C,2,FALSE),0) -> 8941 | N6: =IFERROR(VLOOKUP(G6,'Base de faturamento'!A:C,3,FALSE),0) -> 44730 | O6: =IF(C6="Time 1",DATE(YEAR(N6),MONTH(N6),15),DATE(YEAR(N6),MONTH(N6)+1,1)) -> 44743 | P6: =IF(L6=1,DATE(YEAR(N6),MONTH(N6)+1,1)) -> 44743
A7: Cliente 459 | B7: Vendedor 8 | C7: =VLOOKUP(B7,Dados!$A$3:$B$10,2,FALSE) -> Time 3 | D7: Fixa | E7: Novo | F7: 13138163138 | G7: =SUBSTITUTE(SUBSTITUTE(F7,"-",""),".","") -> 13138163138 | H7: 9601 | I7: 0 | J7: =IF(E7="Novo",H7,IF(AND(H7>I7,E7="Renovação"),H7-I7,0)) -> 9601 | K7: =IF(M7>0,IF(D7="Móvel",J7*30%,J7*20%),0) -> 1920.2 | L7: =IF(M7>0,1,0) -> 1 | M7: =IFERROR(VLOOKUP(G7,'Base de faturamento'!A:C,2,FALSE),0) -> 9601 | N7: =IFERROR(VLOOKUP(G7,'Base de faturamento'!A:C,3,FALSE),0) -> 44724 | O7: =IF(C7="Time 1",DATE(YEAR(N7),MONTH(N7),15),DATE(YEAR(N7),MONTH(N7)+1,1)) -> 44743 | P7: =IF(L7=1,DATE(YEAR(N7),MONTH(N7)+1,1)) -> 44743
A8: Cliente 185 | B8: Vendedor 2 | C8: =VLOOKUP(B8,Dados!$A$3:$B$10,2,FALSE) -> Time 1 | D8: Móvel | E8: Novo | F8: 13486420884 | G8: =SUBSTITUTE(SUBSTITUTE(F8,"-",""),".","") -> 13486420884 | H8: 6930 | I8: 0 | J8: =IF(E8="Novo",H8,IF(AND(H8>I8,E8="Renovação"),H8-I8,0)) -> 6930 | K8: =IF(M8>0,IF(D8="Móvel",J8*30%,J8*20%),0) -> 2079 | L8: =IF(M8>0,1,0) -> 1 | M8: =IFERROR(VLOOKUP(G8,'Base de faturamento'!A:C,2,FALSE),0) -> 6930 | N8: =IFERROR(VLOOKUP(G8,'Base de faturamento'!A:C,3,FALSE),0) -> 44641 | O8: =IF(C8="Time 1",DATE(YEAR(N8),MONTH(N8),15),DATE(YEAR(N8),MONTH(N8)+1,1)) -> 44635 | P8: =IF(L8=1,DATE(YEAR(N8),MONTH(N8)+1,1)) -> 44652
A9: Cliente 350 | B9: Vendedor 5 | C9: =VLOOKUP(B9,Dados!$A$3:$B$10,2,FALSE) -> Time 2 | D9: Fixa | E9: Renovação | F9: 14083526808 | G9: =SUBSTITUTE(SUBSTITUTE(F9,"-",""),".","") -> 14083526808 | H9: 3049 | I9: 9678 | J9: =IF(E9="Novo",H9,IF(AND(H9>I9,E9="Renovação"),H9-I9,0)) -> 0 | K9: =IF(M9>0,IF(D9="Móvel",J9*30%,J9*20%),0) -> 0 | L9: =IF(M9>0,1,0) -> 1 | M9: =IFERROR(VLOOKUP(G9,'Base de faturamento'!A:C,2,FALSE),0) -> 3049 | N9: =IFERROR(VLOOKUP(G9,'Base de faturamento'!A:C,3,FALSE),0) -> 44738 | O9: =IF(C9="Time 1",DATE(YEAR(N9),MONTH(N9),15),DATE(YEAR(N9),MONTH(N9)+1,1)) -> 44743 | P9: =IF(L9=1,DATE(YEAR(N9),MONTH(N9)+1,1)) -> 44743
A10: Cliente 402 | B10: Vendedor 3 | C10: =VLOOKUP(B10,Dados!$A$3:$B$10,2,FALSE) -> Time 1 | D10: Fixa | E10: Renovação | F10: 14644757600 | G10: =SUBSTITUTE(SUBSTITUTE(F10,"-",""),".","") -> 14644757600 | H10: 1363 | I10: 4809 | J10: =IF(E10="Novo",H10,IF(AND(H10>I10,E10="Renovação"),H10-I10,0)) -> 0 | K10: =IF(M10>0,IF(D10="Móvel",J10*30%,J10*20%),0) -> 0 | L10: =IF(M10>0,1,0) -> 1 | M10: =IFERROR(VLOOKUP(G10,'Base de faturamento'!A:C,2,FALSE),0) -> 1363 | N10: =IFERROR(VLOOKUP(G10,'Base de faturamento'!A:C,3,FALSE),0) -> 44648 | O10: =IF(C10="Time 1",DATE(YEAR(N10),MONTH(N10),15),DATE(YEAR(N10),MONTH(N10)+1,1)) -> 44635 | P10: =IF(L10=1,DATE(YEAR(N10),MONTH(N10)+1,1)) -> 44652
A11: Cliente 324 | B11: Vendedor 4 | C11: =VLOOKUP(B11,Dados!$A$3:$B$10,2,FALSE) -> Time 2 | D11: Fixa | E11: Renovação | F11: 15701060351 | G11: =SUBSTITUTE(SUBSTITUTE(F11,"-",""),".","") -> 15701060351 | H11: 2543 | I11: 5761 | J11: =IF(E11="Novo",H11,IF(AND(H11>I11,E11="Renovação"),H11-I11,0)) -> 0 | K11: =IF(M11>0,IF(D11="Móvel",J11*30%,J11*20%),0) -> 0 | L11: =IF(M11>0,1,0) -> 1 | M11: =IFERROR(VLOOKUP(G11,'Base de faturamento'!A:C,2,FALSE),0) -> 2543 | N11: =IFERROR(VLOOKUP(G11,'Base de faturamento'!A:C,3,FALSE),0) -> 44736 | O11: =IF(C11="Time 1",DATE(YEAR(N11),MONTH(N11),15),DATE(YEAR(N11),MONTH(N11)+1,1)) -> 44743 | P11: =IF(L11=1,DATE(YEAR(N11),MONTH(N11)+1,1)) -> 44743
A12: Cliente 24 | B12: Vendedor 3 | C12: =VLOOKUP(B12,Dados!$A$3:$B$10,2,FALSE) -> Time 1 | D12: Móvel | E12: Renovação | F12: 15765206124 | G12: =SUBSTITUTE(SUBSTITUTE(F12,"-",""),".","") -> 15765206124 | H12: 1254 | I12: 6922 | J12: =IF(E12="Novo",H12,IF(AND(H12>I12,E12="Renovação"),H12-I12,0)) -> 0 | K12: =IF(M12>0,IF(D12="Móvel",J12*30%,J12*20%),0) -> 0 | L12: =IF(M12>0,1,0) -> 0 | M12: =IFERROR(VLOOKUP(G12,'Base de faturamento'!A:C,2,FALSE),0) -> 0 | N12: =IFERROR(VLOOKUP(G12,'Base de faturamento'!A:C,3,FALSE),0) -> 0 | O12: =IF(C12="Time 1",DATE(YEAR(N12),MONTH(N12),15),DATE(YEAR(N12),MONTH(N12)+1,1)) -> 15 | P12: =IF(L12=1,DATE(YEAR(N12),MONTH(N12)+1,1)) -> FALSE
A13: Cliente 48 | B13: Vendedor 6 | C13: =VLOOKUP(B13,Dados!$A$3:$B$10,2,FALSE) -> Time 2 | D13: Móvel | E13: Renovação | F13: 16241068274 | G13: =SUBSTITUTE(SUBSTITUTE(F13,"-",""),".","") -> 16241068274 | H13: 8232 | I13: 1456 | J13: =IF(E13="Novo",H13,IF(AND(H13>I13,E13="Renovação"),H13-I13,0)) -> 6776 | K13: =IF(M13>0,IF(D13="Móvel",J13*30%,J13*20%),0) -> 0 | L13: =IF(M13>0,1,0) -> 0 | M13: =IFERROR(VLOOKUP(G13,'Base de faturamento'!A:C,2,FALSE),0) -> 0 | N13: =IFERROR(VLOOKUP(G13,'Base de faturamento'!A:C,3,FALSE),0) -> 0 | O13: =IF(C13="Time 1",DATE(YEAR(N13),MONTH(N13),15),DATE(YEAR(N13),MONTH(N13)+1,1)) -> 32 | P13: =IF(L13=1,DATE(YEAR(N13),MONTH(N13)+1,1)) -> FALSE
... A294: Cliente 283 | B294: Vendedor 5 | C294: =VLOOKUP(B294,Dados!$A$3:$B$10,2,FALSE) -> Time 2 | D294: Móvel | E294: Novo | F294: 99831403728 | G294: =SUBSTITUTE(SUBSTITUTE(F294,"-",""),".","") -> 99831403728 | H294: 7851 | I294: 0 | J294: =IF(E294="Novo",H294,IF(AND(H294>I294,E294="Renovação"),H294-I294,0)) -> 7851 | K294: =IF(M294>0,IF(D294="Móvel",J294*30%,J294*20%),0) -> 2355.3 | L294: =IF(M294>0,1,0) -> 1 | M294: =IFERROR(VLOOKUP(G294,'Base de faturamento'!A:C,2,FALSE),0) -> 7851 | N294: =IFERROR(VLOOKUP(G294,'Base de faturamento'!A:C,3,FALSE),0) -> 44691 | O294: =IF(C294="Time 1",DATE(YEAR(N294),MONTH(N294),15),DATE(YEAR(N294),MONTH(N294)+1,1)) -> 44713 | P294: =IF(L294=1,DATE(YEAR(N294),MONTH(N294)+1,1)) -> 44713
A295: Cliente 341 | B295: Vendedor 3 | C295: =VLOOKUP(B295,Dados!$A$3:$B$10,2,FALSE) -> Time 1 | D295: Fixa | E295: Renovação | F295: 100.351.784-80 | G295: =SUBSTITUTE(SUBSTITUTE(F295,"-",""),".","") -> 10035178480 | H295: 1266 | I295: 5925 | J295: =IF(E295="Novo",H295,IF(AND(H295>I295,E295="Renovação"),H295-I295,0)) -> 0 | K295: =IF(M295>0,IF(D295="Móvel",J295*30%,J295*20%),0) -> 0 | L295: =IF(M295>0,1,0) -> 1 | M295: =IFERROR(VLOOKUP(G295,'Base de faturamento'!A:C,2,FALSE),0) -> 1266 | N295: =IFERROR(VLOOKUP(G295,'Base de faturamento'!A:C,3,FALSE),0) -> 44684 | O295: =IF(C295="Time 1",DATE(YEAR(N295),MONTH(N295),15),DATE(YEAR(N295),MONTH(N295)+1,1)) -> 44696 | P295: =IF(L295=1,DATE(YEAR(N295),MONTH(N295)+1,1)) -> 44713
A296: Cliente 342 | B296: Vendedor 1 | C296: =VLOOKUP(B296,Dados!$A$3:$B$10,2,FALSE) -> Time 1 | D296: Fixa | E296: Renovação | F296: 100.680.991-27 | G296: =SUBSTITUTE(SUBSTITUTE(F296,"-",""),".","") -> 10068099127 | H296: 7830 | I296: 8743 | J296: =IF(E296="Novo",H296,IF(AND(H296>I296,E296="Renovação"),H296-I296,0)) -> 0 | K296: =IF(M296>0,IF(D296="Móvel",J296*30%,J296*20%),0) -> 0 | L296: =IF(M296>0,1,0) -> 1 | M296: =IFERROR(VLOOKUP(G296,'Base de faturamento'!A:C,2,FALSE),0) -> 7830 | N296: =IFERROR(VLOOKUP(G296,'Base de faturamento'!A:C,3,FALSE),0) -> 44663 | O296: =IF(C296="Time 1",DATE(YEAR(N296),MONTH(N296),15),DATE(YEAR(N296),MONTH(N296)+1,1)) -> 44666 | P296: =IF(L296=1,DATE(YEAR(N296),MONTH(N296)+1,1)) -> 44682
A297: Cliente 372 | B297: Vendedor 5 | C297: =VLOOKUP(B297,Dados!$A$3:$B$10,2,FALSE) -> Time 2 | D297: Fixa | E297: Renovação | F297: 103.470.935-28 | G297: =SUBSTITUTE(SUBSTITUTE(F297,"-",""),".","") -> 10347093528 | H297: 4522 | I297: 7001 | J297: =IF(E297="Novo",H297,IF(AND(H297>I297,E297="Renovação"),H297-I297,0)) -> 0 | K297: =IF(M297>0,IF(D297="Móvel",J297*30%,J297*20%),0) -> 0 | L297: =IF(M297>0,1,0) -> 1 | M297: =IFERROR(VLOOKUP(G297,'Base de faturamento'!A:C,2,FALSE),0) -> 4522 | N297: =IFERROR(VLOOKUP(G297,'Base de faturamento'!A:C,3,FALSE),0) -> 44737 | O297: =IF(C297="Time 1",DATE(YEAR(N297),MONTH(N297),15),DATE(YEAR(N297),MONTH(N297)+1,1)) -> 44743 | P297: =IF(L297=1,DATE(YEAR(N297),MONTH(N297)+1,1)) -> 44743
A298: Cliente 237 | B298: Vendedor 7 | C298: =VLOOKUP(B298,Dados!$A$3:$B$10,2,FALSE) -> Time 3 | D298: Móvel | E298: Novo | F298: 109.097.709-65 | G298: =SUBSTITUTE(SUBSTITUTE(F298,"-",""),".","") -> 10909770965 | H298: 9182 | I298: 0 | J298: =IF(E298="Novo",H298,IF(AND(H298>I298,E298="Renovação"),H298-I298,0)) -> 9182 | K298: =IF(M298>0,IF(D298="Móvel",J298*30%,J298*20%),0) -> 2754.6 | L298: =IF(M298>0,1,0) -> 1 | M298: =IFERROR(VLOOKUP(G298,'Base de faturamento'!A:C,2,FALSE),0) -> 9182 | N298: =IFERROR(VLOOKUP(G298,'Base de faturamento'!A:C,3,FALSE),0) -> 44705 | O298: =IF(C298="Time 1",DATE(YEAR(N298),MONTH(N298),15),DATE(YEAR(N298),MONTH(N298)+1,1)) -> 44713 | P298: =IF(L298=1,DATE(YEAR(N298),MONTH(N298)+1,1)) -> 44713
A299: Cliente 236 | B299: Vendedor 1 | C299: =VLOOKUP(B299,Dados!$A$3:$B$10,2,FALSE) -> Time 1 | D299: Móvel | E299: Novo | F299: 116.063.745-42 | G299: =SUBSTITUTE(SUBSTITUTE(F299,"-",""),".","") -> 11606374542 | H299: 8765 | I299: 0 | J299: =IF(E299="Novo",H299,IF(AND(H299>I299,E299="Renovação"),H299-I299,0)) -> 8765 | K299: =IF(M299>0,IF(D299="Móvel",J299*30%,J299*20%),0) -> 2629.5 | L299: =IF(M299>0,1,0) -> 1 | M299: =IFERROR(VLOOKUP(G299,'Base de faturamento'!A:C,2,FALSE),0) -> 8765 | N299: =IFERROR(VLOOKUP(G299,'Base de faturamento'!A:C,3,FALSE),0) -> 44710 | O299: =IF(C299="Time 1",DATE(YEAR(N299),MONTH(N299),15),DATE(YEAR(N299),MONTH(N299)+1,1)) -> 44696 | P299: =IF(L299=1,DATE(YEAR(N299),MONTH(N299)+1,1)) -> 44713
A300: Cliente 242 | B300: Vendedor 7 | C300: =VLOOKUP(B300,Dados!$A$3:$B$10,2,FALSE) -> Time 3 | D300: Móvel | E300: Novo | F300: 119.201.632-99 | G300: =SUBSTITUTE(SUBSTITUTE(F300,"-",""),".","") -> 11920163299 | H300: 2661 | I300: 0 | J300: =IF(E300="Novo",H300,IF(AND(H300>I300,E300="Renovação"),H300-I300,0)) -> 2661 | K300: =IF(M300>0,IF(D300="Móvel",J300*30%,J300*20%),0) -> 798.3 | L300: =IF(M300>0,1,0) -> 1 | M300: =IFERROR(VLOOKUP(G300,'Base de faturamento'!A:C,2,FALSE),0) -> 2661 | N300: =IFERROR(VLOOKUP(G300,'Base de faturamento'!A:C,3,FALSE),0) -> 44692 | O300: =IF(C300="Time 1",DATE(YEAR(N300),MONTH(N300),15),DATE(YEAR(N300),MONTH(N300)+1,1)) -> 44713 | P300: =IF(L300=1,DATE(YEAR(N300),MONTH(N300)+1,1)) -> 44713
A301: Cliente 564 | B301: Vendedor 1 | C301: =VLOOKUP(B301,Dados!$A$3:$B$10,2,FALSE) -> Time 1 | D301: Fixa | E301: Novo | F301: 119.940.662-71 | G301: =SUBSTITUTE(SUBSTITUTE(F301,"-",""),".","") -> 11994066271 | H301: 9922 | I301: 0 | J301: =IF(E301="Novo",H301,IF(AND(H301>I301,E301="Renovação"),H301-I301,0)) -> 9922 | K301: =IF(M301>0,IF(D301="Móvel",J301*30%,J301*20%),0) -> 1984.4 | L301: =IF(M301>0,1,0) -> 1 | M301: =IFERROR(VLOOKUP(G301,'Base de faturamento'!A:C,2,FALSE),0) -> 9922 | N301: =IFERROR(VLOOKUP(G301,'Base de faturamento'!A:C,3,FALSE),0) -> 44633 | O301: =IF(C301="Time 1",DATE(YEAR(N301),MONTH(N301),15),DATE(YEAR(N301),MONTH(N301)+1,1)) -> 44635 | P301: =IF(L301=1,DATE(YEAR(N301),MONTH(N301)+1,1)) -> 44652
A302: Cliente 105 | B302: Vendedor 1 | C302: =VLOOKUP(B302,Dados!$A$3:$B$10,2,FALSE) -> Time 1 | D302: Móvel | E302: Renovação | F302: 121.132.197-96 | G302: =SUBSTITUTE(SUBSTITUTE(F302,"-",""),".","") -> 12113219796 | H302: 6004 | I302: 3581 | J302: =IF(E302="Novo",H302,IF(AND(H302>I302,E302="Renovação"),H302-I302,0)) -> 2423 | K302: =IF(M302>0,IF(D302="Móvel",J302*30%,J302*20%),0) -> 726.9 | L302: =IF(M302>0,1,0) -> 1 | M302: =IFERROR(VLOOKUP(G302,'Base de faturamento'!A:C,2,FALSE),0) -> 6004 | N302: =IFERROR(VLOOKUP(G302,'Base de faturamento'!A:C,3,FALSE),0) -> 44655 | O302: =IF(C302="Time 1",DATE(YEAR(N302),MONTH(N302),15),DATE(YEAR(N302),MONTH(N302)+1,1)) -> 44666 | P302: =IF(L302=1,DATE(YEAR(N302),MONTH(N302)+1,1)) -> 44682
A303: Cliente 336 | B303: Vendedor 4 | C303: =VLOOKUP(B303,Dados!$A$3:$B$10,2,FALSE) -> Time 2 | D303: Fixa | E303: Renovação | F303: 121.231.494-85 | G303: =SUBSTITUTE(SUBSTITUTE(F303,"-",""),".","") -> 12123149485 | H303: 1580 | I303: 3070 | J303: =IF(E303="Novo",H303,IF(AND(H303>I303,E303="Renovação"),H303-I303,0)) -> 0 | K303: =IF(M303>0,IF(D303="Móvel",J303*30%,J303*20%),0) -> 0 | L303: =IF(M303>0,1,0) -> 1 | M303: =IFERROR(VLOOKUP(G303,'Base de faturamento'!A:C,2,FALSE),0) -> 1580 | N303: =IFERROR(VLOOKUP(G303,'Base de faturamento'!A:C,3,FALSE),0) -> 44709 | O303: =IF(C303="Time 1",DATE(YEAR(N303),MONTH(N303),15),DATE(YEAR(N303),MONTH(N303)+1,1)) -> 44713 | P303: =IF(L303=1,DATE(YEAR(N303),MONTH(N303)+1,1)) -> 44713
A304: Cliente 361 | B304: Vendedor 2 | C304: =VLOOKUP(B304,Dados!$A$3:$B$10,2,FALSE) -> Time 1 | D304: Fixa | E304: Renovação | F304: 127.062.115-88 | G304: =SUBSTITUTE(SUBSTITUTE(F304,"-",""),".","") -> 12706211588 | H304: 8414 | I304: 4655 | J304: =IF(E304="Novo",H304,IF(AND(H304>I304,E304="Renovação"),H304-I304,0)) -> 3759 | K304: =IF(M304>0,IF(D304="Móvel",J304*30%,J304*20%),0) -> 751.8 | L304: =IF(M304>0,1,0) -> 1 | M304: =IFERROR(VLOOKUP(G304,'Base de faturamento'!A:C,2,FALSE),0) -> 8414 | N304: =IFERROR(VLOOKUP(G304,'Base de faturamento'!A:C,3,FALSE),0) -> 44671 | O304: =IF(C304="Time 1",DATE(YEAR(N304),MONTH(N304),15),DATE(YEAR(N304),MONTH(N304)+1,1)) -> 44666 | P304: =IF(L304=1,DATE(YEAR(N304),MONTH(N304)+1,1)) -> 44682
A305: Cliente 470 | B305: Vendedor 5 | C305: =VLOOKUP(B305,Dados!$A$3:$B$10,2,FALSE) -> Time 2 | D305: Fixa | E305: Novo | F305: 129.214.114-92 | G305: =SUBSTITUTE(SUBSTITUTE(F305,"-",""),".","") -> 12921411492 | H305: 3307 | I305: 0 | J305: =IF(E305="Novo",H305,IF(AND(H305>I305,E305="Renovação"),H305-I305,0)) -> 3307 | K305: =IF(M305>0,IF(D305="Móvel",J305*30%,J305*20%),0) -> 661.4 | L305: =IF(M305>0,1,0) -> 1 | M305: =IFERROR(VLOOKUP(G305,'Base de faturamento'!A:C,2,FALSE),0) -> 3307 | N305: =IFERROR(VLOOKUP(G305,'Base de faturamento'!A:C,3,FALSE),0) -> 44667 | O305: =IF(C305="Time 1",DATE(YEAR(N305),MONTH(N305),15),DATE(YEAR(N305),MONTH(N305)+1,1)) -> 44682 | P305: =IF(L305=1,DATE(YEAR(N305),MONTH(N305)+1,1)) -> 44682
A306: Cliente 489 | B306: Vendedor 6 | C306: =VLOOKUP(B306,Dados!$A$3:$B$10,2,FALSE) -> Time 2 | D306: Fixa | E306: Novo | F306: 131.815.299-06 | G306: =SUBSTITUTE(SUBSTITUTE(F306,"-",""),".","") -> 13181529906 | H306: 8836 | I306: 0 | J306: =IF(E306="Novo",H306,IF(AND(H306>I306,E306="Renovação"),H306-I306,0)) -> 8836 | K306: =IF(M306>0,IF(D306="Móvel",J306*30%,J306*20%),0) -> 1767.2 | L306: =IF(M306>0,1,0) -> 1 | M306: =IFERROR(VLOOKUP(G306,'Base de faturamento'!A:C,2,FALSE),0) -> 8836 | N306: =IFERROR(VLOOKUP(G306,'Base de faturamento'!A:C,3,FALSE),0) -> 44736 | O306: =IF(C306="Time 1",DATE(YEAR(N306),MONTH(N306),15),DATE(YEAR(N306),MONTH(N306)+1,1)) -> 44743 | P306: =IF(L306=1,DATE(YEAR(N306),MONTH(N306)+1,1)) -> 44743
... A602: Cliente 387 | B602: Vendedor 4 | C602: =VLOOKUP(B602,Dados!$A$3:$B$10,2,FALSE) -> Time 2 | D602: Fixa | E602: Renovação | F602: 999.634.701-90 | G602: =SUBSTITUTE(SUBSTITUTE(F602,"-",""),".","") -> 99963470190 | H602: 2589 | I602: 7627 | J602: =IF(E602="Novo",H602,IF(AND(H602>I602,E602="Renovação"),H602-I602,0)) -> 0 | K602: =IF(M602>0,IF(D602="Móvel",J602*30%,J602*20%),0) -> 0 | L602: =IF(M602>0,1,0) -> 1 | M602: =IFERROR(VLOOKUP(G602,'Base de faturamento'!A:C,2,FALSE),0) -> 2589 | N602: =IFERROR(VLOOKUP(G602,'Base de faturamento'!A:C,3,FALSE),0) -> 44669 | O602: =IF(C602="Time 1",DATE(YEAR(N602),MONTH(N602),15),DATE(YEAR(N602),MONTH(N602)+1,1)) -> 44682 | P602: =IF(L602=1,DATE(YEAR(N602),MONTH(N602)+1,1)) -> 44682

Sheet Base de faturamento
A1: Número de série da venda | B1: Valor faturado | C1: Data de pagamento
A2: 10035178480 | B2: 1266 | C2: 44684
A3: 10068099127 | B3: 7830 | C3: 44663
A4: 10347093528 | B4: 4522 | C4: 44737
A5: 10347849894 | B5: 6830 | C5: 44710
A6: 10558070640 | B6: 1577 | C6: 44655
A7: 10909770965 | B7: 9182 | C7: 44705
A8: 11470034718 | B8: 8926 | C8: 44728
A9: 11606374542 | B9: 8765 | C9: 44710
A10: 11920163299 | B10: 2661 | C10: 44692
A11: 11994066271 | B11: 9922 | C11: 44633
A12: 12019485890 | B12: 2799 | C12: 44723
A13: 12113219796 | B13: 6004 | C13: 44655
... A555: 99963470190 | B555: 2589 | C555: 44669

Sheet Dados
A2: Vendedor | B2: Time | D2: Produto | E2: Comissão | G2: Comissionamento dos vendedores | H2: =SUM('Base de vendas'!K2:K602) -> 514113.6
A3: Vendedor 1 | B3: Time 1 | D3: Móvel | E3: 0.3 | G3: Comissão do backoffice | H3: =SUM('Base de vendas'!L2:L602) -> 554
A4: Vendedor 2 | B4: Time 1 | D4: Fixa | E4: 0.2
A5: Vendedor 3 | B5: Time 1
A6: Vendedor 4 | B6: Time 2
A7: Vendedor 5 | B7: Time 2
A8: Vendedor 6 | B8: Time 2
A9: Vendedor 7 | B9: Time 3
A10: Vendedor 8 | B10: Time 3

Sheet Dashboard
B2: Valor Total Faturado | F2: Comissão Vendedores | J2: Comissão Backoffice | N2: Quantidade de Vendas | R2: Ticket Médio
B3: =SUM('Base de vendas'!M2:M602) -> 3059353 | F3: =SUM('Base de vendas'!K2:K602) -> 514113.6 | J3: =SUM('Base de vendas'!L2:L602) -> 554 | N3: =COUNTA('Base de vendas'!L2:L602) -> 601 | R3: =AVERAGE('Base de vendas'!H2:H602) -> 5524.4526
B11: Rótulos de Linha | C11: Soma de Valor Comissão Real | K11: Rótulos de Linha | L11: Soma de Valor de venda
B12: Vendedor 1 | C12: 73017.2 | K12: Fixa | L12: 1696595
B13: Vendedor 2 | C13: 58981.7 | K13: Móvel | L13: 1623601
B14: Vendedor 3 | C14: 62403.7 | K14: Total Geral | L14: 3320196
B15: Vendedor 4 | C15: 68478
B16: Vendedor 5 | C16: 72464.7
B17: Vendedor 6 | C17: 50024.3
B18: Vendedor 7 | C18: 74508.8
B19: Vendedor 8 | C19: 54235.2
B20: Total Geral | C20: 514113.6
B31: Rótulos de Linha | C31: Soma de Valor de venda | K31: Rótulos de Linha | L31: Soma de Valor Comissão Real
B32: Time 1 | C32: 1276312 | K32: 15 | L32: 0
B33: Time 2 | C33: 1209649 | K33: 32 | L33: 0
B34: Time 3 | C34: 834235 | K34: 44635 | L34: 67623.7
B35: Total Geral | C35: 3320196 | K35: 44652 | L35: 81866.4
K36: 44666 | L36: 45771.4
K37: 44682 | L37: 72089.8
K38: 44696 | L38: 41211.8
K39: 44713 | L39: 88914.6
K40: 44727 | L40: 37830.9
K41: 44743 | L41: 74901.2
K42: 44757 | L42: 1964.8
K43: 44774 | L43: 1939
K44: Total Geral | L44: 514113.6

Sheet Fórmulas de Apoio
A1: >>> Formula "Unique" | G1: >>> Arrayformula | K1: >>> expressão "{}" | L1: >>> Expressão " \ " permite separar informações em colunas
A2: Traz os valores únicos de uma teterminada tabela | G2: É uma formula que preenche todas as linhas abaixo da coluna com a formula entro dela | K2: Permite criar uma matrix com diferentes colunas
A4: Vendedor | B4: Data | D4: {=_xludf.UNIQUE(A4:B17)} -> #NAME? | E4: #NAME? | G4: Valor | H4: Valor * 10 | K4: Coluna 1 | L4: Coluna 2 | M4: Coluna 3 | O4: Exemplo
A5: Vendedor 1 | B5: Jan | D5: #NAME? | E5: #NAME? | G5: 1 | H5: {=IF(G5:G1002="","",G5:G1002*10)} -> 10 | K5: 1 | L5: 0 | M5: 10 | O5: 1 | P5: 10
A6: Vendedor 1 | B6: Jan | D6: #NAME? | E6: #NAME? | G6: 2 | H6: 20 | K6: 2 | L6: 0 | M6: 10 | O6: 2 | P6: 10
A7: Vendedor 1 | B7: Jan | D7: #NAME? | E7: #NAME? | G7: 3 | H7: 30 | K7: 3 | L7: 0 | M7: 10 | O7: 3 | P7: 10
A8: Vendedor 1 | B8: Fev | D8: #NAME? | E8: #NAME? | G8: 4 | H8: 40 | K8: 4 | L8: 0 | M8: 10 | O8: 4 | P8: 10
A9: Vendedor 1 | B9: Fev | G9: 5 | H9: 50 | K9: 5 | L9: 0 | M9: 10 | O9: 5 | P9: 10
A10: Vendedor 1 | B10: Fev | G10: 6 | H10: 60 | K10: 6 | L10: 0 | M10: 10 | O10: 6 | P10: 10
A11: Vendedor 2 | B11: Jan | G11: 7 | H11: 70 | K11: 7 | L11: 0 | M11: 10 | O11: 7 | P11: 10
A12: Vendedor 2 | B12: Jan | G12: 8 | H12: 80
A13: Vendedor 2 | B13: Jan | G13: 9 | H13: 90
A14: Vendedor 2 | B14: Jan | G14: 0 | H14: 0
A15: Vendedor 2 | B15: Fev
A16: Vendedor 2 | B16: Fev
A17: Vendedor 2 | B17: Fev
